Algorithm,Time
A*,0.0189456939697265
NN Annealing,0.710850715637207
Bidirectional A*,0.0199921131134033
