Algorithm,Time
A*,0.0189456939697265
NN Annealing,0.919553518295288
Bidirectional A*,0.01999211311340332
