Algorithm,Time
Bidirectional A*,0.0120413303375244
A*,0.0100235939025878
