Algorithm,Time
Bidirectional A*,0.0199990272521972
A*,0.024005413055419922
