Algorithm,Time
A*,0.0189456939697265
NN Annealing,0.9195535182952881
