Algorithm,Time
Held-Karp,45.57289389573849
NN Annealing,5.725915193557739
A*,0.0
Bidirectional A*,0.0129945278167724
